DURATION,PROTOCOL,PACKETS,BYTES,FLAGS
2.1034953062660407e-05,0.5,0.003146138115463269,0.0030191787397451553,0.6666666666666666
5.1999905301914184e-05,0.5,0.003932672644329086,0.003375552743352533,0.8333333333333333
0.0,0.5,0.0009438414346389807,0.0004809230813987315,0.6666666666666666
1.7728353090339563e-05,0.5,0.002831524303916942,0.0028664470239134227,0.6666666666666666
0.0,0.5,0.0,7.2729388491301585e-06,0.5
2.4384389925430806e-05,0.5,0.0022022966808242883,0.001937329085937045,0.6666666666666666
6.323133000740373e-05,0.5,0.0,1.2727642985977774e-05,0.08333333333333333
1.792621872717801e-05,0.5,0.002516910492370615,0.002031877290975737,0.6666666666666666
0.0,0.5,0.0007865345288658171,0.0004391036830162331,0.6666666666666666
0.0,0.5,0.0,1.2727642985977774e-05,0.08333333333333333
2.12899345534316e-05,0.5,0.0022022966808242883,0.0019318743818001975,0.8333333333333333
0.0,0.5,0.0007865345288658171,0.0005291063012742189,0.6666666666666666
0.0,0.5,0.0007865345288658171,0.0004391036830162331,0.6666666666666666
0.0,0.5,0.0009438414346389807,0.0004809230813987315,0.6666666666666666
2.132461203617648e-05,0.5,0.002831524303916942,0.0028664470239134227,0.6666666666666666
0.0,0.5,0.0009438414346389807,0.00047637749461802514,0.6666666666666666
0.0,0.5,0.0007865345288658171,0.0005036510153022633,0.6666666666666666
0.0,0.5,0.0009438414346389807,0.00047637749461802514,0.6666666666666666
0.0,0.5,0.0009438414346389807,0.00047637749461802514,0.6666666666666666
0.0,0.5,0.0009438414346389807,0.0004809230813987315,0.6666666666666666
0.0,0.5,0.0009438414346389807,0.00047637749461802514,0.6666666666666666
0.0,0.5,0.0009438414346389807,0.0006091086286146506,0.6666666666666666
1.8093486585123913e-05,0.5,0.002516910492370615,0.002031877290975737,0.6666666666666666
0.0,0.5,0.0007865345288658171,0.0005036510153022633,0.6666666666666666
1.94744663391407e-05,0.5,0.0029888312096901055,0.0029246305347064637,0.6666666666666666
1.7369339151333722e-05,0.5,0.002516910492370615,0.0020464231686739974,0.6666666666666666
0.0,0.5,0.0,1.2727642985977774e-05,0.08333333333333333
0.0,0.5,0.0009438414346389807,0.00047637749461802514,0.6666666666666666
0.0,0.5,0.0009438414346389807,0.0005518342351777506,0.6666666666666666
1.0470559937028303e-05,0.5,0.0003146138115463268,9.091173561412694e-05,0.41666666666666663
2.0586185638903103e-05,0.5,0.0022022966808242883,0.001937329085937045,0.6666666666666666
0.0,0.5,0.0007865345288658171,0.0004391036830162331,0.6666666666666666
1.8407623781754025e-05,0.5,0.002831524303916942,0.0028664470239134227,0.6666666666666666
5.0898385261782626e-05,0.5,0.004247286455875413,0.002786444696572991,0.6666666666666666
0.0,1.0,0.0,4.0001163670215854e-05,0.0
0.0,0.5,0.0007865345288658171,0.0005291063012742189,0.6666666666666666
0.0,0.5,0.0007865345288658171,0.0005291063012742189,0.6666666666666666
0.0,0.5,0.0007865345288658171,0.0005036510153022633,0.6666666666666666
0.0,0.5,0.0009438414346389807,0.0005518342351777506,0.6666666666666666
1.8701362459122438e-05,0.5,0.002516910492370615,0.002031877290975737,0.6666666666666666
1.8629967641706505e-05,0.5,0.002831524303916942,0.0028664470239134227,0.6666666666666666
0.0,0.5,0.0009438414346389807,0.0005518342351777506,0.6666666666666666
0.0,0.5,0.0009438414346389807,0.0004809230813987315,0.6666666666666666
0.0,0.5,0.0007865345288658171,0.0005036510153022633,0.6666666666666666
0.0,0.5,0.0009438414346389807,0.0004809230813987315,0.6666666666666666
1.9452027967952833e-05,0.5,0.0022022966808242883,0.001937329085937045,0.6666666666666666
3.7737260634136684e-05,0.5,0.003146138115463269,0.0028319005643800545,0.75
0.0,0.5,0.0009438414346389807,0.0006091086286146506,0.6666666666666666
5.437837264782788e-05,0.5,0.003932672644329086,0.003375552743352533,0.8333333333333333
0.0,0.5,0.0007865345288658171,0.0005291063012742189,0.6666666666666666
1.7752831313453597e-05,0.5,0.0022022966808242883,0.001937329085937045,0.6666666666666666
0.0,0.5,0.0007865345288658171,0.0005036510153022633,0.6666666666666666
5.021095516266349e-05,0.5,0.004247286455875413,0.002810990865188805,0.6666666666666666
2.3180877288990773e-05,0.5,0.0022022966808242883,0.001937329085937045,0.6666666666666666
1.0474639640880642e-05,0.5,0.0003146138115463268,9.091173561412694e-05,0.41666666666666663
1.0,0.5,1.0,1.0,0.5833333333333333
0.0,0.5,0.0009438414346389807,0.00047637749461802514,0.6666666666666666
1.4270804075482175e-05,0.5,0.0004719207173194903,0.00013091289928434278,0.3333333333333333
0.0,0.5,0.0007865345288658171,0.0005036510153022633,0.6666666666666666
0.0,0.5,0.0009438414346389807,0.0004809230813987315,0.6666666666666666
1.951730322959026e-05,0.5,0.0022022966808242883,0.001937329085937045,0.6666666666666666
4.669221059002101e-06,0.5,0.0017303759635047978,0.0011936710886134867,0.6666666666666666
0.0,0.5,0.0,7.2729388491301585e-06,0.5
3.559133640780632e-05,0.5,0.0034607519270095956,0.003193729272124279,0.6666666666666666
1.5031668843943418e-05,0.5,0.0003146138115463268,0.0001218217257229301,0.25
0.0,0.5,0.0007865345288658171,0.0005036510153022633,0.6666666666666666
1.9447948264100494e-05,0.5,0.002831524303916942,0.0028664470239134227,0.6666666666666666
0.0,0.5,0.0015730690577316344,0.002240974282888229,0.6666666666666666
5.192647063257208e-05,0.5,0.004247286455875413,0.002796444987490545,0.6666666666666666
1.9674371827905317e-05,0.5,0.002516910492370615,0.002031877290975737,0.6666666666666666
2.0172095697890685e-05,0.5,0.002831524303916942,0.0028664470239134227,0.6666666666666666
0.0,0.5,0.0,7.2729388491301585e-06,0.5
0.0,0.5,0.00015730690577316344,5.454704136847617e-05,0.25
1.974168694146891e-05,0.5,0.0029888312096901055,0.0029246305347064637,0.6666666666666666
1.9817161462737183e-05,0.5,0.002044989775051125,0.001515498632687496,1.0
0.0,0.5,0.0009438414346389807,0.00047637749461802514,0.6666666666666666
6.322929015547755e-05,0.5,0.0,1.2727642985977774e-05,0.08333333333333333
2.0992116172210847e-05,0.5,0.002831524303916942,0.0028664470239134227,0.6666666666666666
2.2619918009294146e-05,0.5,0.002831524303916942,0.0028664470239134227,0.6666666666666666
0.0,0.5,0.0009438414346389807,0.0005518342351777506,0.6666666666666666
0.0,0.5,0.0009438414346389807,0.001535499214522604,0.6666666666666666
0.0,0.5,0.0,1.2727642985977774e-05,0.08333333333333333
0.0,0.5,0.0007865345288658171,0.0005036510153022633,0.6666666666666666
1.969885005101935e-05,0.5,0.0026742173981437784,0.005386520335137021,0.6666666666666666
2.1981444356403078e-05,0.5,0.002831524303916942,0.0028664470239134227,0.6666666666666666
0.0,0.5,0.0009438414346389807,0.0006091086286146506,0.6666666666666666
0.0,0.5,0.0009438414346389807,0.00047637749461802514,0.6666666666666666
0.0,0.5,0.0009438414346389807,0.00047637749461802514,0.6666666666666666
0.0,0.5,0.0007865345288658171,0.0005036510153022633,0.6666666666666666
0.0,0.5,0.0009438414346389807,0.00047637749461802514,0.6666666666666666
0.0,0.5,0.0009438414346389807,0.00047637749461802514,0.6666666666666666
1.8821713722766443e-05,0.5,0.002516910492370615,0.002031877290975737,0.6666666666666666
3.338625647561703e-05,0.5,0.003932672644329086,0.0034373727235701393,0.6666666666666666
0.0,0.5,0.0009438414346389807,0.0015400448013033101,0.6666666666666666
0.0,0.5,0.0009438414346389807,0.0006091086286146506,0.6666666666666666
0.0,0.0,0.00015730690577316344,8.818438354570314e-05,0.0
0.0,0.5,0.0007865345288658171,0.0004391036830162331,0.6666666666666666
1.7954776654144386e-05,0.5,0.002831524303916942,0.0028664470239134227,0.6666666666666666
0.0,0.5,0.0009438414346389807,0.0006091086286146506,0.6666666666666666
3.9448696400192937e-05,0.5,0.003932672644329086,0.002686441787397451,0.6666666666666666
6.322929015547755e-05,0.5,0.0,1.2727642985977774e-05,0.08333333333333333
6.323133000740373e-05,0.5,0.0,1.2727642985977774e-05,0.08333333333333333
6.323133000740373e-05,0.5,0.0007865345288658171,0.0002109152266247745,0.3333333333333333
0.0,0.5,0.0009438414346389807,0.00047637749461802514,0.6666666666666666
0.0,0.5,0.0007865345288658171,0.0004391036830162331,0.6666666666666666
0.0,0.5,0.0009438414346389807,0.001535499214522604,0.6666666666666666
0.0,0.0,0.0,0.0,0.0
0.0,0.5,0.0009438414346389807,0.0006091086286146506,0.6666666666666666
0.0,0.5,0.0009438414346389807,0.00047637749461802514,0.6666666666666666
1.9025698915383398e-05,0.5,0.0022022966808242883,0.001937329085937045,0.6666666666666666
0.0,0.5,0.0009438414346389807,0.0006091086286146506,0.6666666666666666
6.32333698593299e-05,0.5,0.0,1.2727642985977774e-05,0.08333333333333333
3.750063781070102e-05,0.5,0.003932672644329086,0.002706442369232559,0.6666666666666666
0.0,0.5,0.0009438414346389807,0.0015400448013033101,0.6666666666666666
1.8909427355591736e-05,0.5,0.002831524303916942,0.0028664470239134227,0.6666666666666666
0.0,0.5,0.0007865345288658171,0.0005291063012742189,0.6666666666666666
0.0,0.5,0.0009438414346389807,0.0005518342351777506,0.6666666666666666
4.915227201298149e-05,0.5,0.00408997955010225,0.0034337362541455745,0.8333333333333333
2.0690218087137752e-05,0.5,0.0022022966808242883,0.001937329085937045,0.6666666666666666
0.0,0.5,0.0009438414346389807,0.00047637749461802514,0.6666666666666666
0.0,0.5,0.0007865345288658171,0.0005291063012742189,0.6666666666666666
0.0,0.5,0.0009438414346389807,0.00047637749461802514,0.6666666666666666
0.0,0.5,0.0007865345288658171,0.0005036510153022633,0.6666666666666666
0.0,0.5,0.0009438414346389807,0.00047637749461802514,0.6666666666666666
0.0,0.5,0.0009438414346389807,0.0005518342351777506,0.6666666666666666
2.0569866823493747e-05,0.5,0.002516910492370615,0.002031877290975737,0.6666666666666666
0.0,0.5,0.0,7.2729388491301585e-06,0.5
0.0,0.5,0.0007865345288658171,0.0005036510153022633,0.6666666666666666
5.4213144641808145e-05,0.5,0.003932672644329086,0.003375552743352533,0.8333333333333333
2.0635142085131175e-05,0.5,0.0023596035865974517,0.0019955125967300864,0.6666666666666666
5.412135130513052e-05,0.5,0.004247286455875413,0.002796444987490545,0.6666666666666666
0.0,0.5,0.0009438414346389807,0.0006091086286146506,0.6666666666666666
2.849673140858862e-06,0.5,0.0003146138115463268,0.00010909408273695232,0.9166666666666666
4.1649696628529886e-05,0.5,0.003618058832782759,0.002607348577413161,0.6666666666666666
0.0,0.5,0.0007865345288658171,0.0005291063012742189,0.6666666666666666
1.946222722758368e-05,0.5,0.002516910492370615,0.002031877290975737,0.6666666666666666
0.0,0.5,0.0009438414346389807,0.0015400448013033101,0.6666666666666666
1.870952186682712e-05,0.5,0.002831524303916942,0.0028664470239134227,0.6666666666666666
0.0,0.5,0.0009438414346389807,0.00047637749461802514,0.6666666666666666
0.0,0.5,0.0009438414346389807,0.0004809230813987315,0.6666666666666666
2.346849641058068e-05,0.5,0.002516910492370615,0.0020427866992494322,0.6666666666666666
0.0,0.5,0.0009438414346389807,0.0005518342351777506,0.6666666666666666
0.0,0.5,0.0007865345288658171,0.0004972871938092744,0.6666666666666666
0.0,0.5,0.0007865345288658171,0.0005036510153022633,0.6666666666666666
2.07942505353724e-05,0.5,0.002516910492370615,0.002031877290975737,0.6666666666666666
0.0,0.5,0.0009438414346389807,0.0006091086286146506,0.6666666666666666
0.0,0.5,0.0007865345288658171,0.0004391036830162331,0.6666666666666666
0.0,0.5,0.0009438414346389807,0.00047637749461802514,0.6666666666666666
0.0,1.0,0.0,1.2727642985977774e-05,0.0
0.0,0.5,0.0007865345288658171,0.0004391036830162331,0.6666666666666666
1.934391581586585e-05,0.5,0.002516910492370615,0.002031877290975737,0.6666666666666666
0.0,0.5,0.0009438414346389807,0.001539135683947169,0.6666666666666666
0.0,0.5,0.0009438414346389807,0.00047637749461802514,0.6666666666666666
0.0,0.5,0.0007865345288658171,0.0004391036830162331,0.6666666666666666
3.1568748409399964e-05,0.5,0.0006292276230926538,0.00017091406295455868,0.3333333333333333
1.76589981248498e-05,0.5,0.002831524303916942,0.0028664470239134227,0.6666666666666666
2.365616278778828e-05,0.5,0.002516910492370615,0.0020373319951125846,0.8333333333333333
1.9982389468756917e-05,0.5,0.0022022966808242883,0.001937329085937045,0.6666666666666666
2.1306253368840955e-05,0.5,0.002516910492370615,0.002031877290975737,0.6666666666666666
1.8676884236008404e-05,0.5,0.002831524303916942,0.0028664470239134227,0.6666666666666666
0.0,0.5,0.0009438414346389807,0.0006091086286146506,0.6666666666666666
3.7021272608051174e-05,0.5,0.003618058832782759,0.002597348286495607,0.6666666666666666
0.0,0.5,0.0,7.2729388491301585e-06,0.5
0.0,0.5,0.0007865345288658171,0.0004391036830162331,0.6666666666666666
0.0,0.5,0.0009438414346389807,0.0006091086286146506,0.6666666666666666
0.0,0.5,0.0,7.2729388491301585e-06,0.5
6.322929015547755e-05,0.5,0.0,1.2727642985977774e-05,0.08333333333333333
0.0,0.5,0.0007865345288658171,0.0004391036830162331,0.6666666666666666
2.1030873358808068e-05,0.5,0.002831524303916942,0.0028664470239134227,0.6666666666666666
1.7685516199890003e-05,0.5,0.002516910492370615,0.002031877290975737,0.6666666666666666
1.9731487681838063e-05,0.5,0.002516910492370615,0.002031877290975737,0.6666666666666666
1.9262321738819065e-05,0.5,0.002831524303916942,0.0028664470239134227,0.6666666666666666
0.0,0.5,0.0009438414346389807,0.0005518342351777506,0.6666666666666666
1.9592777750858533e-05,0.5,0.002831524303916942,0.0028664470239134227,0.6666666666666666
0.0,0.5,0.0,1.2727642985977774e-05,0.08333333333333333
2.3180877288990773e-05,0.5,0.002516910492370615,0.0020427866992494322,0.6666666666666666
0.0,0.5,0.0009438414346389807,0.00047637749461802514,0.6666666666666666
0.0,0.5,0.0007865345288658171,0.0005036510153022633,0.6666666666666666
0.0,0.5,0.0007865345288658171,0.0005063783673706871,0.6666666666666666
0.0,0.5,0.0007865345288658171,0.0005036510153022633,0.6666666666666666
1.6877734837126862e-05,0.5,0.002831524303916942,0.0028664470239134227,0.6666666666666666
0.0,0.5,0.0007865345288658171,0.0005063783673706871,0.6666666666666666
0.0,0.5,0.0007865345288658171,0.0005063783673706871,0.6666666666666666
0.0,0.5,0.0009438414346389807,0.00047637749461802514,0.6666666666666666
0.0,0.5,0.0009438414346389807,0.00047637749461802514,0.6666666666666666
0.0,0.5,0.0007865345288658171,0.0005291063012742189,0.6666666666666666
3.0383594440295456e-05,0.5,0.0026742173981437784,0.0026846235526851686,0.5833333333333333
0.0,0.5,0.0007865345288658171,0.0005063783673706871,0.6666666666666666
0.0,0.5,0.0007865345288658171,0.0005036510153022633,0.6666666666666666
2.0119059547810278e-05,0.5,0.002831524303916942,0.0028664470239134227,0.6666666666666666
0.0,0.5,0.0009438414346389807,0.00047637749461802514,0.6666666666666666
0.0,0.5,0.0009438414346389807,0.0004809230813987315,0.6666666666666666
1.920112618103398e-05,0.5,0.002831524303916942,0.0028664470239134227,0.6666666666666666
0.0,0.5,0.0009438414346389807,0.0005518342351777506,0.6666666666666666
0.0,0.5,0.0,1.2727642985977774e-05,0.08333333333333333
0.0,0.5,0.0007865345288658171,0.0005036510153022633,0.6666666666666666
0.0,0.5,0.0,1.2727642985977774e-05,0.08333333333333333
0.0,0.5,0.0009438414346389807,0.00047637749461802514,0.6666666666666666
1.9855918649334407e-05,0.5,0.002831524303916942,0.0028664470239134227,0.6666666666666666
0.0,0.5,0.0009438414346389807,0.0005518342351777506,0.6666666666666666
0.0,0.5,0.0009438414346389807,0.00047637749461802514,0.6666666666666666
5.4953610891007695e-05,0.5,0.0004719207173194903,0.00019182376214580782,0.8333333333333333
0.0,0.5,0.0,1.2727642985977774e-05,0.08333333333333333
0.0,0.5,0.00015730690577316344,5.454704136847617e-05,0.25
1.7167393810642936e-05,0.5,0.0022022966808242883,0.001937329085937045,0.6666666666666666
2.6991320687075493e-05,0.5,0.0023596035865974517,0.00199823994879851,0.6666666666666666
0.0,0.5,0.0,1.2727642985977774e-05,0.08333333333333333
0.0,1.0,0.0,9.545732239483327e-05,0.0
0.0,0.5,0.0009438414346389807,0.00047637749461802514,0.6666666666666666
0.0,0.5,0.0009438414346389807,0.0004809230813987315,0.6666666666666666
1.9372473742832222e-05,0.5,0.002831524303916942,0.0028664470239134227,0.6666666666666666
0.0,0.5,0.0009438414346389807,0.001539135683947169,0.6666666666666666
2.1589792786578525e-05,0.5,0.002831524303916942,0.0028664470239134227,0.6666666666666666
7.310829303391669e-06,0.5,0.00015730690577316344,5.63652760807587e-05,0.25
0.0,0.5,0.0,1.2727642985977774e-05,0.08333333333333333
0.0,0.5,0.0007865345288658171,0.0004972871938092744,0.6666666666666666
1.9078735065463805e-05,0.5,0.003146138115463269,0.0030337246174434156,0.6666666666666666
1.8173040810244527e-05,0.5,0.002831524303916942,0.0028664470239134227,0.6666666666666666
0.0,0.5,0.0009438414346389807,0.0015400448013033101,0.6666666666666666
0.0,0.5,0.0007865345288658171,0.0005291063012742189,0.6666666666666666
0.0,0.5,0.0007865345288658171,0.0005036510153022633,0.6666666666666666
0.0,0.5,0.0007865345288658171,0.0004391036830162331,0.6666666666666666
0.0,0.5,0.0007865345288658171,0.0005291063012742189,0.6666666666666666
0.0,0.5,0.0007865345288658171,0.0005291063012742189,0.6666666666666666
2.0767732460332193e-05,0.5,0.0022022966808242883,0.001937329085937045,0.6666666666666666
0.0,0.5,0.0007865345288658171,0.0005291063012742189,0.6666666666666666
4.148650847443632e-05,0.5,0.003932672644329086,0.003375552743352533,0.8333333333333333
0.0,0.5,0.0007865345288658171,0.0004391036830162331,0.6666666666666666
0.0,0.5,0.0,1.2727642985977774e-05,0.08333333333333333
0.0,0.5,0.0007865345288658171,0.0004972871938092744,0.6666666666666666
2.1887611167799277e-05,0.5,0.003146138115463269,0.0030337246174434156,0.6666666666666666
1.9939552578307357e-05,0.5,0.0022022966808242883,0.001937329085937045,0.6666666666666666
1.8672804532156065e-05,0.5,0.002831524303916942,0.0028664470239134227,0.6666666666666666
0.0,0.5,0.0009438414346389807,0.0004809230813987315,0.6666666666666666
5.2362998944772365e-05,0.5,0.004404593361648577,0.0029364490603363,0.6666666666666666
0.0,0.5,0.0009438414346389807,0.00047637749461802514,0.6666666666666666
0.0,0.5,0.0007865345288658171,0.0005291063012742189,0.6666666666666666
0.0,0.5,0.0009438414346389807,0.0006091086286146506,0.6666666666666666
0.0,0.5,0.0007865345288658171,0.0004972871938092744,0.6666666666666666
0.0,0.5,0.0009438414346389807,0.0006091086286146506,0.6666666666666666
2.1897810427430125e-05,0.5,0.002831524303916942,0.0028664470239134227,0.6666666666666666
0.0,0.5,0.0004719207173194903,0.00022364286961075225,0.75
6.111396370803974e-06,0.5,0.0003146138115463268,9.091173561412694e-05,0.3333333333333333
0.0,0.5,0.0009438414346389807,0.0006091086286146506,0.6666666666666666
0.0,0.5,0.0007865345288658171,0.0005036510153022633,0.6666666666666666
0.0,0.5,0.0009438414346389807,0.00047637749461802514,0.6666666666666666
0.0,0.5,0.0007865345288658171,0.0004391036830162331,0.6666666666666666
4.290624541505033e-05,0.5,0.003932672644329086,0.003375552743352533,0.8333333333333333
4.0701165482861045e-05,0.5,0.003932672644329086,0.003375552743352533,0.8333333333333333
0.0,0.5,0.0009438414346389807,0.0004809230813987315,0.6666666666666666
0.0,0.5,0.0009438414346389807,0.0015400448013033101,0.6666666666666666
0.0,0.5,0.0007865345288658171,0.0004391036830162331,0.6666666666666666
1.7448893376454336e-05,0.5,0.0022022966808242883,0.001937329085937045,0.6666666666666666
0.0,0.5,0.0007865345288658171,0.0005063783673706871,0.6666666666666666
2.124505781105587e-05,0.5,0.002516910492370615,0.002031877290975737,0.6666666666666666
0.0,0.5,0.0007865345288658171,0.0005036510153022633,0.6666666666666666
0.0,0.5,0.0009438414346389807,0.0015400448013033101,0.6666666666666666
3.753735514537207e-05,0.5,0.003932672644329086,0.003375552743352533,0.8333333333333333
0.0,0.5,0.0,7.2729388491301585e-06,0.5
0.0,0.5,0.0009438414346389807,0.001539135683947169,0.6666666666666666
1.9123611807839538e-05,0.5,0.002831524303916942,0.0028664470239134227,0.6666666666666666
4.8415885467634284e-05,0.5,0.003932672644329086,0.003375552743352533,0.8333333333333333
1.8374986150935313e-05,0.5,0.002516910492370615,0.002031877290975737,0.6666666666666666
0.0,0.5,0.0009438414346389807,0.00047637749461802514,0.6666666666666666
0.0,0.5,0.0009438414346389807,0.00047637749461802514,0.6666666666666666
0.0,0.5,0.0007865345288658171,0.0005036510153022633,0.6666666666666666
0.0,0.5,0.0007865345288658171,0.0005036510153022633,0.6666666666666666
1.0,0.5,1.0,1.0,0.5833333333333333
0.0,0.5,0.0,1.2727642985977774e-05,0.08333333333333333
0.0,0.5,0.0,7.2729388491301585e-06,0.5
4.828329509243326e-05,0.5,0.004247286455875413,0.002810990865188805,0.6666666666666666
1.9456107671805172e-05,0.5,0.002831524303916942,0.0028664470239134227,0.6666666666666666
0.0,0.5,0.0,1.2727642985977774e-05,0.08333333333333333
0.0,0.5,0.0,7.2729388491301585e-06,0.5
0.0,0.5,0.0007865345288658171,0.0004972871938092744,0.6666666666666666
0.0,0.5,0.0009438414346389807,0.00047637749461802514,0.6666666666666666
0.0,0.5,0.0007865345288658171,0.0004391036830162331,0.6666666666666666
0.0,0.5,0.0007865345288658171,0.0004391036830162331,0.6666666666666666
0.0,0.5,0.0009438414346389807,0.00047637749461802514,0.6666666666666666
0.0,0.5,0.0,1.2727642985977774e-05,0.08333333333333333
0.0,0.5,0.0007865345288658171,0.0005063783673706871,0.6666666666666666
1.792621872717801e-05,0.5,0.002831524303916942,0.0028664470239134227,0.6666666666666666
0.0,0.5,0.0009438414346389807,0.00047637749461802514,0.6666666666666666
5.279544755312031e-05,0.5,0.004247286455875413,0.002796444987490545,0.6666666666666666
0.0,0.5,0.0007865345288658171,0.0005291063012742189,0.6666666666666666
0.0,0.5,0.0009438414346389807,0.0005518342351777506,0.6666666666666666
1.8042490286969675e-05,0.5,0.002831524303916942,0.0028664470239134227,0.6666666666666666
0.0,0.5,0.0009438414346389807,0.0005518342351777506,0.6666666666666666
0.0,0.5,0.0007865345288658171,0.0004972871938092744,0.6666666666666666
0.0,0.5,0.0007865345288658171,0.0005036510153022633,0.6666666666666666
0.0,0.5,0.0009438414346389807,0.00047637749461802514,0.6666666666666666
0.0,0.5,0.0007865345288658171,0.0004391036830162331,0.6666666666666666
5.0398621539871085e-05,0.5,0.004247286455875413,0.002796444987490545,0.6666666666666666
0.0,0.5,0.0009438414346389807,0.0006091086286146506,0.6666666666666666
0.0,0.5,0.0009438414346389807,0.0015400448013033101,0.6666666666666666
1.6671709792583738e-05,0.5,0.0022022966808242883,0.001937329085937045,0.6666666666666666
1.775691101730594e-05,0.5,0.0029888312096901055,0.0029246305347064637,0.6666666666666666
0.0,0.5,0.0009438414346389807,0.00047637749461802514,0.6666666666666666
4.175168922483836e-05,0.5,0.003932672644329086,0.0027173517775062545,0.6666666666666666
0.0,0.5,0.0,1.2727642985977774e-05,0.08333333333333333
1.7891541244433128e-05,0.5,0.002831524303916942,0.0028664470239134227,0.6666666666666666
2.2626037565072655e-05,0.5,0.002831524303916942,0.0028664470239134227,0.6666666666666666
1.8534094601176538e-05,0.5,0.002831524303916942,0.0028664470239134227,0.6666666666666666
1.816488140253985e-05,0.5,0.002831524303916942,0.0028664470239134227,0.6666666666666666
0.0,0.5,0.0007865345288658171,0.0005063783673706871,0.6666666666666666
1.8760518164981358e-05,0.5,0.002831524303916942,0.0028664470239134227,0.6666666666666666
1.8495337414579314e-05,0.5,0.002831524303916942,0.0028664470239134227,0.6666666666666666
0.0,0.5,0.0007865345288658171,0.0004391036830162331,0.6666666666666666
1.3218240481578688e-05,0.5,0.0009438414346389807,0.0012482181299819629,0.6666666666666666
0.0,0.5,0.0009438414346389807,0.00047637749461802514,0.6666666666666666
2.1810096794604836e-05,0.5,0.0029888312096901055,0.0029755411066503747,0.6666666666666666
6.323133000740373e-05,0.5,0.0,1.2727642985977774e-05,0.08333333333333333
0.0,0.5,0.0007865345288658171,0.0004391036830162331,0.6666666666666666
5.452116228265975e-05,0.5,0.00408997955010225,0.002763716762669459,0.6666666666666666
3.914271861126751e-05,0.5,0.003932672644329086,0.002732806772560656,0.6666666666666666
1.8966543209524482e-05,0.5,0.002516910492370615,0.0020464231686739974,0.6666666666666666
2.0272048442272995e-05,0.5,0.0023596035865974517,0.0022318831093268163,0.6666666666666666
1.6329014668987253e-05,0.5,0.0012584552461853075,0.004112846919183103,0.6666666666666666
1.769571545952085e-05,0.5,0.0022022966808242883,0.001937329085937045,0.6666666666666666
2.1893730723577786e-05,0.5,0.002831524303916942,0.002877356432187118,0.6666666666666666
2.0459714819480593e-05,0.5,0.002831524303916942,0.0028664470239134227,0.6666666666666666
0.0,0.5,0.0009438414346389807,0.00047637749461802514,0.6666666666666666
3.059573904061709e-05,0.5,0.0006292276230926538,0.00017091406295455868,0.3333333333333333
1.8864550613216003e-05,0.5,0.0022022966808242883,0.001937329085937045,0.6666666666666666
3.501813801655268e-05,0.5,0.0034607519270095956,0.003193729272124279,0.6666666666666666
0.0,0.5,0.0009438414346389807,0.0004809230813987315,0.6666666666666666
0.0,0.5,0.0,7.2729388491301585e-06,0.5
0.0,0.5,0.0,1.454587769826031e-05,0.08333333333333333
0.0,0.5,0.0009438414346389807,0.001535499214522604,0.6666666666666666
0.0,0.5,0.0009438414346389807,0.0015400448013033101,0.6666666666666666
5.5673678620945544e-05,0.5,0.00408997955010225,0.00279280851806598,0.6666666666666666
1.9409191077503273e-05,0.5,0.0022022966808242883,0.001937329085937045,0.6666666666666666
6.322725030355139e-05,0.5,0.0,1.2727642985977774e-05,0.08333333333333333
2.0684098531359243e-06,0.5,0.0003146138115463268,8.000232734043171e-05,0.5
1.9613176270120228e-05,0.5,0.002831524303916942,0.0028664470239134227,0.6666666666666666
0.0,0.5,0.0006292276230926538,0.00027364432419852206,0.6666666666666666
0.0,0.5,0.0007865345288658171,0.0004391036830162331,0.6666666666666666
3.788209012089472e-05,0.5,0.003932672644329086,0.003375552743352533,0.8333333333333333
0.0,0.5,0.0007865345288658171,0.0005291063012742189,0.6666666666666666
1.974576664532125e-05,0.5,0.002831524303916942,0.0028664470239134227,0.6666666666666666
0.0,0.5,0.0007865345288658171,0.0005063783673706871,0.6666666666666666
1.9949751837938205e-05,0.5,0.002831524303916942,0.0028664470239134227,0.6666666666666666
0.0,0.5,0.0,7.2729388491301585e-06,0.5
0.0,0.5,0.0007865345288658171,0.0004391036830162331,0.6666666666666666
0.0,0.5,0.0011011483404121441,0.0108139509513004,0.6666666666666666
0.0,0.5,0.0007865345288658171,0.0004391036830162331,0.6666666666666666
2.1177742697492276e-05,0.5,0.002831524303916942,0.0028664470239134227,0.6666666666666666
1.8776836980390714e-05,0.5,0.002831524303916942,0.0028664470239134227,0.6666666666666666
0.0,0.5,0.0,1.2727642985977774e-05,0.08333333333333333
0.0,0.5,0.0009438414346389807,0.0006091086286146506,0.6666666666666666
0.0,1.0,0.0,0.0003709198813056379,0.0
2.210587532389942e-05,0.5,0.0026742173981437784,0.0021409713737126895,0.6666666666666666
0.0,0.5,0.0009438414346389807,0.00047637749461802514,0.6666666666666666
1.1264062336308259e-05,0.5,0.0009438414346389807,0.00037182899866177913,0.8333333333333333
0.0,0.5,0.0009438414346389807,0.001535499214522604,0.6666666666666666
0.0,0.5,0.0007865345288658171,0.0004391036830162331,0.6666666666666666
0.0,0.5,0.00015730690577316344,7.272938849130155e-05,0.08333333333333333
1.8672804532156065e-05,0.5,0.002831524303916942,0.0028664470239134227,0.6666666666666666
0.0,0.5,0.0009438414346389807,0.00047637749461802514,0.6666666666666666
0.0,0.5,0.0007865345288658171,0.0005036510153022633,0.6666666666666666
2.1859053240832904e-05,0.5,0.0029888312096901055,0.003801019666026647,0.6666666666666666
5.464763310208226e-06,0.5,0.0017303759635047978,0.0023500683656251815,0.6666666666666666
1.7589643159360036e-05,0.5,0.002516910492370615,0.002031877290975737,0.6666666666666666
0.0,0.5,0.0009438414346389807,0.0006091086286146506,0.6666666666666666
1.974984634917359e-05,0.5,0.002516910492370615,0.002031877290975737,0.6666666666666666
0.0,0.5,0.0007865345288658171,0.0005291063012742189,0.6666666666666666
3.863275562972512e-05,0.5,0.003932672644329086,0.003375552743352533,0.8333333333333333
2.6083586579930042e-05,0.5,0.0022022966808242883,0.001937329085937045,0.6666666666666666
1.9507103969959413e-05,0.5,0.002516910492370615,0.0020464231686739974,0.6666666666666666
1.7004205656549375e-05,0.5,0.0018876828692779611,0.001957329667772153,0.6666666666666666
4.779373063015257e-06,0.5,0.0026742173981437784,0.00252098242857974,0.6666666666666666
6.323948941510841e-05,0.5,0.0003146138115463268,0.00013454936870890786,0.08333333333333333
0.0,0.5,0.0007865345288658171,0.0005063783673706871,0.6666666666666666
2.0282247701903842e-05,0.5,0.0022022966808242883,0.001937329085937045,0.6666666666666666
0.0,0.5,0.0009438414346389807,0.00047637749461802514,0.6666666666666666
6.322929015547755e-05,0.5,0.0,1.2727642985977774e-05,0.08333333333333333
1.0,0.5,1.0,1.0,0.5833333333333333
5.553700854189218e-05,0.5,0.004247286455875413,0.002810990865188805,0.6666666666666666
0.0,0.5,0.0009438414346389807,0.00047637749461802514,0.6666666666666666
0.0,0.5,0.0009438414346389807,0.0005518342351777506,0.6666666666666666
0.0,0.5,0.0009438414346389807,0.0004809230813987315,0.6666666666666666
0.0,0.5,0.0009438414346389807,0.001535499214522604,0.6666666666666666
1.9445908412174325e-05,0.5,0.002831524303916942,0.0028664470239134227,0.6666666666666666
1.5549791233190485e-05,0.5,0.0018876828692779611,0.0017845973701053118,0.6666666666666666
0.0,0.5,0.0007865345288658171,0.0004391036830162331,0.6666666666666666
0.0,0.5,0.0007865345288658171,0.0004972871938092744,0.6666666666666666
1.7811987019312517e-05,0.5,0.0022022966808242883,0.001937329085937045,0.6666666666666666
2.0751413644922837e-05,0.5,0.0022022966808242883,0.001937329085937045,0.6666666666666666
0.0,0.5,0.0009438414346389807,0.00047637749461802514,0.6666666666666666
0.0,0.5,0.0007865345288658171,0.0005036510153022633,0.6666666666666666
1.8842112242028138e-05,0.5,0.002831524303916942,0.0028664470239134227,0.6666666666666666
2.102271395110339e-05,0.5,0.0022022966808242883,0.001937329085937045,0.6666666666666666
0.0,0.5,0.0007865345288658171,0.0004391036830162331,0.6666666666666666
0.0,0.5,0.0007865345288658171,0.0005036510153022633,0.6666666666666666
0.0,0.5,0.0007865345288658171,0.0004972871938092744,0.6666666666666666
0.0,0.5,0.0009438414346389807,0.00047637749461802514,0.6666666666666666
0.0,0.5,0.0007865345288658171,0.0004391036830162331,0.6666666666666666
2.1314412776545633e-05,0.5,0.002831524303916942,0.0028664470239134227,0.6666666666666666
2.4178364880887682e-05,0.5,0.0029888312096901055,0.0029246305347064637,0.6666666666666666
0.0,0.5,0.0,7.2729388491301585e-06,0.5
0.0,0.5,0.0009438414346389807,0.001539135683947169,0.6666666666666666
1.8587130751256945e-05,0.5,0.002831524303916942,0.0028664470239134227,0.6666666666666666
1.8942064986410448e-05,0.5,0.0022022966808242883,0.001937329085937045,0.6666666666666666
0.0,0.5,0.0007865345288658171,0.0004391036830162331,0.6666666666666666
0.0,0.5,0.0007865345288658171,0.0005036510153022633,0.6666666666666666
0.0,0.5,0.0009438414346389807,0.001539135683947169,0.6666666666666666
0.0,0.5,0.0,1.454587769826031e-05,0.08333333333333333
0.0,0.5,0.0007865345288658171,0.0005036510153022633,0.6666666666666666
0.0,0.5,0.0007865345288658171,0.0005036510153022633,0.6666666666666666
0.0,0.5,0.0007865345288658171,0.0005036510153022633,0.6666666666666666
0.0,0.5,0.0,7.2729388491301585e-06,0.5
1.8540214156955047e-05,0.5,0.002516910492370615,0.0020464231686739974,0.6666666666666666
0.0,0.5,0.0,1.2727642985977774e-05,0.08333333333333333
4.0768480596424636e-05,0.5,0.003932672644329086,0.003375552743352533,0.8333333333333333
1.7626360494031087e-05,0.5,0.002831524303916942,0.0028664470239134227,0.6666666666666666
0.00014645116903934288,0.5,0.002516910492370615,0.0016218653633560244,1.0
0.0,0.5,0.0007865345288658171,0.0005036510153022633,0.6666666666666666
0.0,0.5,0.0009438414346389807,0.00047637749461802514,0.6666666666666666
0.0,0.5,0.0007865345288658171,0.0005036510153022633,0.6666666666666666
1.9511183673811752e-05,0.5,0.002831524303916942,0.0028664470239134227,0.6666666666666666
0.0,0.5,0.0009438414346389807,0.0006091086286146506,0.6666666666666666
0.0,0.5,0.0009438414346389807,0.0006091086286146506,0.6666666666666666
0.0,0.5,0.0009438414346389807,0.0004809230813987315,0.6666666666666666
0.0,0.5,0.0009438414346389807,0.0004809230813987315,0.6666666666666666
0.0,0.5,0.0007865345288658171,0.0004972871938092744,0.6666666666666666
0.0,0.5,0.0009438414346389807,0.0006091086286146506,0.6666666666666666
0.0,0.5,0.0,1.2727642985977774e-05,0.08333333333333333
3.244996444150521e-05,0.5,0.002516910492370615,0.002102788444754756,0.8333333333333333
0.0,0.5,0.0009438414346389807,0.0015400448013033101,0.6666666666666666
0.0,0.5,0.0009438414346389807,0.00047637749461802514,0.6666666666666666
0.0,0.5,0.0009438414346389807,0.0004809230813987315,0.6666666666666666
2.0988036468358508e-05,0.5,0.0022022966808242883,0.0019518749636353054,0.6666666666666666
0.0,0.0,0.0,3.2728224821085694e-05,0.0
0.0,0.5,0.0009438414346389807,0.0015400448013033101,0.6666666666666666
1.9819201314663352e-05,0.5,0.002831524303916942,0.0028664470239134227,0.6666666666666666
0.0,0.5,0.0,1.2727642985977774e-05,0.08333333333333333
0.0,0.5,0.0007865345288658171,0.0005036510153022633,0.6666666666666666
4.170477263053646e-05,0.5,0.003932672644329086,0.003375552743352533,0.8333333333333333
1.8864550613216003e-05,0.5,0.0022022966808242883,0.001937329085937045,0.6666666666666666
1.948262574684538e-05,0.5,0.002516910492370615,0.002031877290975737,0.6666666666666666
0.0,0.5,0.0007865345288658171,0.0004972871938092744,0.6666666666666666
0.0,0.5,0.0007865345288658171,0.0005291063012742189,0.6666666666666666
0.0,0.5,0.0007865345288658171,0.0004391036830162331,0.6666666666666666
2.066166016017138e-05,0.5,0.0029888312096901055,0.0029246305347064637,0.6666666666666666
0.0,0.5,0.0007865345288658171,0.0004391036830162331,0.6666666666666666
0.0,0.5,0.0007865345288658171,0.0005036510153022633,0.6666666666666666
0.0,0.5,0.0007865345288658171,0.0005063783673706871,0.6666666666666666
0.0,0.5,0.0007865345288658171,0.0004972871938092744,0.6666666666666666
0.0,0.5,0.0009438414346389807,0.0005518342351777506,0.6666666666666666
1.7132716327898055e-05,0.5,0.0022022966808242883,0.001937329085937045,0.6666666666666666
1.947854604299304e-05,0.5,0.002516910492370615,0.002031877290975737,0.6666666666666666
0.0,0.5,0.0007865345288658171,0.0005291063012742189,0.6666666666666666
2.0098661028548583e-05,0.5,0.0022022966808242883,0.001937329085937045,0.6666666666666666
0.0,0.5,0.0,7.2729388491301585e-06,0.5
0.0,0.5,0.0007865345288658171,0.0012227628440100074,0.6666666666666666
0.0,0.5,0.0,1.2727642985977774e-05,0.5
0.0,0.5,0.0007865345288658171,0.0004391036830162331,0.6666666666666666
1.9288839813859272e-05,0.5,0.0022022966808242883,0.001937329085937045,0.6666666666666666
0.0,0.5,0.0007865345288658171,0.0005036510153022633,0.6666666666666666
1.5127541884473387e-05,0.5,0.0012584552461853075,0.002997359923197765,0.6666666666666666
0.0,0.5,0.0007865345288658171,0.0005036510153022633,0.6666666666666666
0.0,0.5,0.0009438414346389807,0.0005518342351777506,0.6666666666666666
1.9307198481194798e-05,0.5,0.002831524303916942,0.0028664470239134227,0.6666666666666666
0.0,0.5,0.00015730690577316344,5.454704136847617e-05,0.25
1.2904103284948577e-05,0.5,0.0026742173981437784,0.002173699598533775,0.6666666666666666
1.0189060371216905e-05,0.5,0.0015730690577316344,0.0015673183219875482,0.6666666666666666
1.8844152093954308e-05,0.5,0.002831524303916942,0.0028664470239134227,0.6666666666666666
0.0,0.5,0.0009438414346389807,0.0006091086286146506,0.6666666666666666
0.0,0.5,0.0,7.2729388491301585e-06,0.5
4.093778830629671e-05,0.5,0.0022022966808242883,0.003497374469075463,0.75
6.323133000740373e-05,0.5,0.0007865345288658171,0.0002109152266247745,0.3333333333333333
6.322725030355139e-05,0.5,0.0,1.2727642985977774e-05,0.08333333333333333
0.0,0.5,0.0018876828692779611,0.0014191321929365216,0.6666666666666666
0.0,0.5,0.0,1.2727642985977774e-05,0.08333333333333333
2.192228865054416e-05,0.5,0.002831524303916942,0.0028664470239134227,0.6666666666666666
0.0,0.5,0.0007865345288658171,0.0005036510153022633,0.6666666666666666
0.0,0.5,0.0,7.2729388491301585e-06,0.5
0.0,0.5,0.0009438414346389807,0.00047637749461802514,0.6666666666666666
0.0,0.5,0.0007865345288658171,0.0005036510153022633,0.6666666666666666
0.0,0.5,0.0009438414346389807,0.00047637749461802514,0.6666666666666666
2.1820296054235683e-05,0.5,0.0029888312096901055,0.0029137211264327685,0.6666666666666666
1.6947089802616626e-05,0.5,0.0022022966808242883,0.0019518749636353054,0.6666666666666666
0.0,0.5,0.0,1.2727642985977774e-05,0.08333333333333333
0.0,0.5,0.0009438414346389807,0.00047637749461802514,0.6666666666666666
2.0512750969561e-05,0.5,0.002516910492370615,0.0020264225868388895,0.8333333333333333
5.663036917431906e-05,0.5,0.00456190026742174,0.003014633152964449,0.6666666666666666
3.500181920114332e-05,0.5,0.003618058832782759,0.002591893582358759,0.6666666666666666
1.8438221560646568e-05,0.5,0.002516910492370615,0.002031877290975737,0.6666666666666666
0.0,0.5,0.0,7.2729388491301585e-06,0.5
0.0,0.5,0.0,1.2727642985977774e-05,0.08333333333333333
2.2007962431443282e-05,0.5,0.002831524303916942,0.0028664470239134227,0.6666666666666666
0.0,0.5,0.0007865345288658171,0.0005291063012742189,0.6666666666666666
6.323133000740373e-05,0.5,0.0007865345288658171,0.0002109152266247745,0.3333333333333333
2.314823965817206e-05,0.5,0.002831524303916942,0.0028664470239134227,0.6666666666666666
0.0,0.5,0.0009438414346389807,0.00047637749461802514,0.6666666666666666
0.0,0.5,0.0009438414346389807,0.0005518342351777506,0.6666666666666666
2.2881019055843847e-05,0.5,0.0029888312096901055,0.002920994065281899,0.6666666666666666
0.0,0.5,0.0009438414346389807,0.0005518342351777506,0.6666666666666666
0.0,0.5,0.0007865345288658171,0.0004972871938092744,0.6666666666666666
0.0,0.5,0.0,7.2729388491301585e-06,0.5
0.0,0.5,0.0009438414346389807,0.0005518342351777506,0.6666666666666666
1.834030866819043e-05,0.5,0.0033034450212364322,0.003091908128236457,0.6666666666666666
0.0,0.5,0.0009438414346389807,0.0006091086286146506,0.6666666666666666
0.0,0.5,0.0,1.2727642985977774e-05,0.08333333333333333
0.0,0.5,0.0,7.2729388491301585e-06,0.5
6.322725030355139e-05,0.5,0.0007865345288658171,0.0002109152266247745,0.3333333333333333
0.0,0.5,0.0,7.2729388491301585e-06,0.5
0.0,0.5,0.0007865345288658171,0.0005036510153022633,0.6666666666666666
0.0,0.5,0.0,7.2729388491301585e-06,0.16666666666666666
3.62155310972142e-05,0.5,0.00408997955010225,0.004193758363879676,0.8333333333333333
0.0,0.5,0.0009438414346389807,0.00047637749461802514,0.6666666666666666
0.0,0.5,0.0007865345288658171,0.0005291063012742189,0.6666666666666666
0.0,0.5,0.0009438414346389807,0.001535499214522604,0.6666666666666666
6.323540971125607e-08,0.5,0.0007865345288658171,0.0002109152266247745,0.3333333333333333
1.9103213288577843e-05,0.5,0.0029888312096901055,0.0029246305347064637,0.6666666666666666
0.0,0.5,0.0009438414346389807,0.00047637749461802514,0.6666666666666666
1.8905347651739396e-05,0.5,0.002831524303916942,0.0028664470239134227,0.6666666666666666
0.0,0.5,0.0,1.2727642985977774e-05,0.08333333333333333
0.0,0.5,0.0,7.2729388491301585e-06,0.5
1.9811041906958674e-05,0.5,0.002516910492370615,0.002031877290975737,0.6666666666666666
0.0,0.5,0.0009438414346389807,0.0005518342351777506,0.6666666666666666
2.1985524060255417e-05,0.5,0.0022022966808242883,0.001937329085937045,0.6666666666666666
4.06705677039685e-05,0.5,0.003618058832782759,0.002607348577413161,0.6666666666666666
2.0763652756479854e-05,0.5,0.0022022966808242883,0.001937329085937045,0.6666666666666666
0.0,0.5,0.0009438414346389807,0.00047637749461802514,0.6666666666666666
0.0,0.5,0.0007865345288658171,0.0005291063012742189,0.6666666666666666
0.0,0.5,0.0007865345288658171,0.0004391036830162331,0.6666666666666666
0.0,0.0,0.0,1.2727642985977774e-05,0.0
5.3093265934341064e-05,0.5,0.003932672644329086,0.003375552743352533,0.8333333333333333
0.0,0.5,0.0009438414346389807,0.0005518342351777506,0.6666666666666666
0.0,0.5,0.0009438414346389807,0.001539135683947169,0.6666666666666666
6.732327297129985e-05,0.5,0.0003146138115463268,0.00013454936870890786,0.08333333333333333
0.0,0.5,0.0009438414346389807,0.00047637749461802514,0.6666666666666666
0.0,0.5,0.0,7.2729388491301585e-06,0.5
1.9097093732799334e-05,0.5,0.002516910492370615,0.0020464231686739974,0.6666666666666666
0.0,0.5,0.0007865345288658171,0.0004391036830162331,0.6666666666666666
6.168512224736721e-06,0.5,0.0015730690577316344,0.0015082256938383659,0.6666666666666666
0.0,0.5,0.0009438414346389807,0.001535499214522604,0.6666666666666666
1.9768205016509115e-05,0.5,0.002831524303916942,0.0028664470239134227,0.6666666666666666
0.0,0.5,0.0007865345288658171,0.0005036510153022633,0.6666666666666666
3.9389540694334024e-05,0.5,0.003932672644329086,0.003375552743352533,0.8333333333333333
2.0386280150138488e-05,0.5,0.002516910492370615,0.0020264225868388895,0.8333333333333333
1.9213365292590997e-05,0.5,0.002516910492370615,0.002031877290975737,0.6666666666666666
0.0,0.5,0.0007865345288658171,0.0004391036830162331,0.6666666666666666
0.0,0.5,0.0009438414346389807,0.0004809230813987315,0.6666666666666666
0.0,0.5,0.0009438414346389807,0.0005518342351777506,0.6666666666666666
0.0,0.5,0.0009438414346389807,0.00047637749461802514,0.6666666666666666
1.7310183445474806e-05,0.5,0.002516910492370615,0.002031877290975737,0.6666666666666666
0.0,0.5,0.0,1.2727642985977774e-05,0.08333333333333333
0.0,0.5,0.0009438414346389807,0.0005518342351777506,0.6666666666666666
2.0241450663380452e-05,0.5,0.002831524303916942,0.0028664470239134227,0.6666666666666666
0.0,0.5,0.0009438414346389807,0.00047637749461802514,0.6666666666666666
3.422871532112506e-05,0.5,0.003146138115463269,0.00393920550416012,0.6666666666666666
0.0,0.5,0.0009438414346389807,0.00047637749461802514,0.6666666666666666
0.0,0.5,0.0009438414346389807,0.0006091086286146506,0.6666666666666666
0.0,0.5,0.0009438414346389807,0.0015400448013033101,0.6666666666666666
2.586940212768224e-05,0.5,0.002516910492370615,0.0020500596380985626,0.6666666666666666
2.0123139251662617e-05,0.5,0.0022022966808242883,0.001937329085937045,0.6666666666666666
5.113908778907064e-06,0.5,0.0017303759635047978,0.001617319776575318,0.6666666666666666
0.0,0.5,0.0007865345288658171,0.0004972871938092744,0.6666666666666666
6.322725030355139e-05,0.5,0.0007865345288658171,0.0002109152266247745,0.3333333333333333
1.9755965904952097e-05,0.5,0.0022022966808242883,0.001937329085937045,0.6666666666666666
0.0,0.5,0.0007865345288658171,0.0005036510153022633,0.6666666666666666
0.0,0.5,0.0009438414346389807,0.0005518342351777506,0.6666666666666666
0.0,0.5,0.0009438414346389807,0.0006091086286146506,0.6666666666666666
0.0,0.5,0.0,1.2727642985977774e-05,0.08333333333333333
2.319311640054779e-05,0.5,0.002831524303916942,0.0028664470239134227,0.6666666666666666
4.0813357338800365e-05,0.5,0.003618058832782759,0.002607348577413161,0.6666666666666666
0.0,0.5,0.0007865345288658171,0.0004972871938092744,0.6666666666666666
0.0,0.5,0.0009438414346389807,0.0006091086286146506,0.6666666666666666
0.0,0.5,0.0009438414346389807,0.0004809230813987315,0.6666666666666666
0.0,0.5,0.0009438414346389807,0.00047637749461802514,0.6666666666666666
0.0,0.5,0.0007865345288658171,0.0005036510153022633,0.6666666666666666
0.0,0.5,0.0007865345288658171,0.0005063783673706871,0.6666666666666666
0.0,0.5,0.0007865345288658171,0.0004972871938092744,0.6666666666666666
0.0,0.5,0.0009438414346389807,0.0006091086286146506,0.6666666666666666
2.4492502077517794e-05,0.5,0.002831524303916942,0.0028664470239134227,0.6666666666666666
0.0,0.5,0.0009438414346389807,0.001535499214522604,0.6666666666666666
0.0,0.5,0.0009438414346389807,0.00047637749461802514,0.6666666666666666
0.0,0.5,0.0009438414346389807,0.0006091086286146506,0.6666666666666666
0.0,0.5,0.0017303759635047978,0.0012954922325013089,0.6666666666666666
2.069225793906392e-05,0.5,0.002831524303916942,0.0028664470239134227,0.6666666666666666
0.0,0.5,0.0009438414346389807,0.00047637749461802514,0.6666666666666666
0.0,0.5,0.0007865345288658171,0.0004391036830162331,0.6666666666666666
0.0,0.5,0.0007865345288658171,0.0004391036830162331,0.6666666666666666
0.0,0.5,0.0009438414346389807,0.00047637749461802514,0.6666666666666666
1.8297471777740868e-05,0.5,0.002516910492370615,0.002031877290975737,0.6666666666666666
0.0,0.5,0.0007865345288658171,0.0005063783673706871,0.6666666666666666
1.9352075223570527e-05,0.5,0.002516910492370615,0.002031877290975737,0.6666666666666666
5.188363374212252e-05,0.5,0.003932672644329086,0.003375552743352533,0.8333333333333333
0.0,0.5,0.0007865345288658171,0.0005063783673706871,0.6666666666666666
2.1846814129275887e-05,0.5,0.0029888312096901055,0.0029755411066503747,0.6666666666666666
0.0028093350690188592,0.5,0.0015730690577316344,0.00041092104497585373,0.3333333333333333
0.0,0.5,0.0007865345288658171,0.0004391036830162331,0.6666666666666666
0.0,0.5,0.0009438414346389807,0.00047637749461802514,0.6666666666666666
0.0,0.5,0.0009438414346389807,0.0006091086286146506,0.6666666666666666
0.0,0.5,0.0009438414346389807,0.00047637749461802514,0.6666666666666666
0.0,0.5,0.0007865345288658171,0.0005063783673706871,0.6666666666666666
1.857489163969993e-05,0.5,0.002516910492370615,0.002031877290975737,0.6666666666666666
0.0,0.5,0.0007865345288658171,0.0004391036830162331,0.6666666666666666
5.37806960334602e-05,0.5,0.004247286455875413,0.002796444987490545,0.6666666666666666
0.0,0.5,0.0009438414346389807,0.00047637749461802514,0.6666666666666666
0.0,0.5,0.0007865345288658171,0.0005291063012742189,0.6666666666666666
0.0,0.5,0.0009438414346389807,0.0005518342351777506,0.6666666666666666
6.111396370803974e-06,0.5,0.0,1.2727642985977774e-05,0.08333333333333333
1.8742159497645832e-05,0.5,0.002516910492370615,0.002031877290975737,0.6666666666666666
0.0,0.5,0.0007865345288658171,0.0005063783673706871,0.6666666666666666
1.0,0.5,1.0,1.0,0.5833333333333333
0.0,0.5,0.0007865345288658171,0.0005036510153022633,0.6666666666666666
0.0,0.5,0.0009438414346389807,0.0004809230813987315,0.6666666666666666
0.0,0.5,0.0009438414346389807,0.001535499214522604,0.6666666666666666
0.0,0.5,0.0007865345288658171,0.0004391036830162331,0.6666666666666666
0.0,0.5,0.0007865345288658171,0.0005036510153022633,0.6666666666666666
0.0,0.5,0.0007865345288658171,0.0005036510153022633,0.6666666666666666
0.0,0.5,0.0009438414346389807,0.0006091086286146506,0.6666666666666666
2.1175702845566106e-05,0.5,0.002516910492370615,0.0020427866992494322,0.6666666666666666
1.8597330010887793e-05,0.5,0.0022022966808242883,0.001937329085937045,0.6666666666666666
0.0,0.5,0.0007865345288658171,0.0004972871938092744,0.6666666666666666
2.1342970703512007e-05,0.5,0.002831524303916942,0.0028664470239134227,0.6666666666666666
0.0,0.5,0.0,7.2729388491301585e-06,0.5
1.965193345671745e-05,0.5,0.0022022966808242883,0.0019518749636353054,0.6666666666666666
0.0,0.5,0.0007865345288658171,0.0005036510153022633,0.6666666666666666
1.7905820207916314e-05,0.5,0.0029888312096901055,0.0029246305347064637,0.6666666666666666
0.0,0.5,0.0,7.2729388491301585e-06,0.5
0.0,0.5,0.0007865345288658171,0.0005291063012742189,0.6666666666666666
0.0,0.5,0.0,7.2729388491301585e-06,0.5
1.828523266618385e-05,0.5,0.002831524303916942,0.0028664470239134227,0.6666666666666666
0.0,0.5,0.0,1.2727642985977774e-05,0.08333333333333333
0.0,0.5,0.0009438414346389807,0.0004809230813987315,0.6666666666666666
1.929291951771161e-05,0.5,0.002516910492370615,0.002031877290975737,0.6666666666666666
0.0,0.5,0.0009438414346389807,0.001535499214522604,0.6666666666666666
4.1816964486475787e-05,0.5,0.003618058832782759,0.0026064394600570193,0.6666666666666666
0.0,0.5,0.0007865345288658171,0.0005036510153022633,0.6666666666666666
5.4680270732900974e-05,0.5,0.003932672644329086,0.003375552743352533,0.8333333333333333
2.6124383618453436e-05,0.5,0.003146138115463269,0.0030555434339908064,0.6666666666666666
0.0,0.5,0.0007865345288658171,0.0004391036830162331,0.6666666666666666
0.0,0.5,0.0009438414346389807,0.0006091086286146506,0.6666666666666666
0.0,0.5,0.0,1.2727642985977774e-05,0.5
0.0,0.5,0.0009438414346389807,0.0015400448013033101,0.6666666666666666
0.0,0.5,0.0007865345288658171,0.0004972871938092744,0.6666666666666666
0.0,0.5,0.0009438414346389807,0.0005518342351777506,0.6666666666666666
0.0,0.5,0.0009438414346389807,0.0004809230813987315,0.6666666666666666
0.0,0.5,0.0007865345288658171,0.0005036510153022633,0.6666666666666666
0.0,0.5,0.0007865345288658171,0.0004391036830162331,0.6666666666666666
0.0,0.5,0.0,7.2729388491301585e-06,0.5
2.0094581324696244e-05,0.5,0.0022022966808242883,0.001937329085937045,0.6666666666666666
2.1216499884089497e-05,0.5,0.002516910492370615,0.002031877290975737,0.6666666666666666
0.0,0.5,0.0009438414346389807,0.0006091086286146506,0.6666666666666666
0.0,0.5,0.0009438414346389807,0.0015400448013033101,0.6666666666666666
0.0,0.5,0.0009438414346389807,0.00047637749461802514,0.6666666666666666
2.1585713082726186e-05,0.5,0.002831524303916942,0.0028664470239134227,0.6666666666666666
1.755700552854132e-05,0.5,0.002831524303916942,0.0028664470239134227,0.6666666666666666
1.9082814769316144e-05,0.5,0.002516910492370615,0.002031877290975737,0.6666666666666666
0.0,0.5,0.0009438414346389807,0.00047637749461802514,0.6666666666666666
5.5687957584428734e-05,0.5,0.003932672644329086,0.003375552743352533,0.8333333333333333
0.0,0.5,0.0007865345288658171,0.0005291063012742189,0.6666666666666666
1.8495337414579314e-05,0.5,0.0022022966808242883,0.001937329085937045,0.6666666666666666
0.0,0.5,0.0007865345288658171,0.0005063783673706871,0.6666666666666666
1.9180727661772284e-05,0.5,0.002831524303916942,0.0028664470239134227,0.6666666666666666
0.0,0.5,0.0,7.2729388491301585e-06,0.5
5.474146629068606e-05,0.5,0.004404593361648577,0.0035219206376912774,0.6666666666666666
3.643583510524051e-05,0.5,0.0037753657385559223,0.0033391880491068825,0.8333333333333333
0.0,0.5,0.0007865345288658171,0.0004391036830162331,0.6666666666666666
2.3619445453117225e-05,0.5,0.0023596035865974517,0.0019918761273055212,0.6666666666666666
0.0,0.5,0.0007865345288658171,0.0005036510153022633,0.6666666666666666
0.0,0.5,0.0,1.2727642985977774e-05,0.08333333333333333
0.0,0.5,0.0007865345288658171,0.0005036510153022633,0.6666666666666666
0.0,0.5,0.0007865345288658171,0.0005063783673706871,0.6666666666666666
5.532078423771822e-06,0.5,0.0018876828692779611,0.0023973424681445273,0.6666666666666666
0.0,0.5,0.0009438414346389807,0.0006091086286146506,0.6666666666666666
0.0,0.5,0.0009438414346389807,0.00047637749461802514,0.6666666666666666
3.1505512999688706e-05,0.5,0.0026742173981437784,0.002104606679467039,0.6666666666666666
0.0,0.5,0.0009438414346389807,0.00047637749461802514,0.6666666666666666
0.0,0.5,0.0009438414346389807,0.0005518342351777506,0.6666666666666666
0.0,0.5,0.0,1.2727642985977774e-05,0.08333333333333333
0.0,0.5,0.0009438414346389807,0.00047637749461802514,0.6666666666666666
1.003403162482802e-05,0.5,0.0017303759635047978,0.0016145924245068942,0.6666666666666666
0.0,0.5,0.0009438414346389807,0.0005518342351777506,0.6666666666666666
6.323133000740373e-05,0.5,0.0,1.2727642985977774e-05,0.08333333333333333
1.9853878797408238e-05,0.5,0.002831524303916942,0.002126425496014429,0.6666666666666666
2.6987240983223156e-06,0.5,0.0003146138115463268,8.000232734043171e-05,0.5
0.0,0.5,0.0007865345288658171,0.0004391036830162331,0.6666666666666666
0.0,0.5,0.0,1.2727642985977774e-05,0.08333333333333333
0.0,0.5,0.0009438414346389807,0.0015400448013033101,0.6666666666666666
0.0,0.5,0.0007865345288658171,0.0004391036830162331,0.6666666666666666
0.0,0.5,0.0009438414346389807,0.00047637749461802514,0.6666666666666666
1.9127691511691877e-05,0.5,0.002516910492370615,0.0020464231686739974,0.6666666666666666
0.003849357653280257,0.5,0.0017303759635047978,0.0004509222086460696,0.3333333333333333
0.0,0.5,0.0009438414346389807,0.00047637749461802514,0.6666666666666666
5.1536858914673695e-05,0.5,0.003932672644329086,0.003375552743352533,0.8333333333333333
0.0,0.5,0.0009438414346389807,0.00047637749461802514,0.6666666666666666
2.1002315431841694e-05,0.5,0.002516910492370615,0.002031877290975737,0.6666666666666666
1.9025698915383398e-05,0.5,0.002831524303916942,0.0028664470239134227,0.6666666666666666
0.0,0.5,0.0009438414346389807,0.0006091086286146506,0.6666666666666666
1.8254634887291308e-05,0.5,0.002831524303916942,0.0028664470239134227,0.6666666666666666
1.9980349616830747e-05,0.5,0.0022022966808242883,0.001937329085937045,0.6666666666666666
0.0,0.5,0.0,1.2727642985977774e-05,0.08333333333333333
6.322929015547755e-05,0.5,0.0007865345288658171,0.0002109152266247745,0.3333333333333333
2.0932960466351927e-05,0.5,0.002831524303916942,0.0028664470239134227,0.6666666666666666
0.0,0.5,0.0007865345288658171,0.0004391036830162331,0.6666666666666666
0.0,0.5,0.0007865345288658171,0.0005291063012742189,0.6666666666666666
4.904415986089451e-05,0.5,0.0018876828692779611,0.0017273229766684118,0.8333333333333333
5.0131400937542876e-05,0.5,0.004247286455875413,0.002827354977599348,0.6666666666666666
2.8598724004897097e-06,0.5,0.00015730690577316344,5.091057194391108e-05,0.3333333333333333
6.707033133245482e-06,0.5,0.002516910492370615,0.002583711526153488,0.6666666666666666
2.3678601158976144e-05,0.5,0.0034607519270095956,0.003135545761331238,0.6666666666666666
0.0,0.5,0.0007865345288658171,0.0004391036830162331,0.6666666666666666
0.0,0.5,0.0009438414346389807,0.001539135683947169,0.6666666666666666
0.0,0.5,0.0009438414346389807,0.0004809230813987315,0.6666666666666666
1.8731960238014984e-05,0.5,0.0026742173981437784,0.002079151393495083,0.6666666666666666
0.0,0.5,0.0009438414346389807,0.0004809230813987315,0.6666666666666666
0.0,0.5,0.0009438414346389807,0.00047637749461802514,0.6666666666666666
0.0,0.5,0.0009438414346389807,0.00047637749461802514,0.6666666666666666
0.0,0.5,0.0009438414346389807,0.00047637749461802514,0.6666666666666666
0.0,0.5,0.0007865345288658171,0.0005036510153022633,0.6666666666666666
0.0,0.5,0.0009438414346389807,0.0015400448013033101,0.6666666666666666
3.4085925686293192e-06,0.5,0.0017303759635047978,0.00228461191598301,0.6666666666666666
0.0,0.5,0.0007865345288658171,0.0005291063012742189,0.6666666666666666
0.0,0.5,0.0007865345288658171,0.0005291063012742189,0.6666666666666666
0.0,0.5,0.0007865345288658171,0.0005036510153022633,0.6666666666666666
0.0,0.5,0.0009438414346389807,0.00047637749461802514,0.6666666666666666
2.1806017090752496e-05,0.5,0.002831524303916942,0.0028664470239134227,0.6666666666666666
0.0,0.5,0.0,1.2727642985977774e-05,0.08333333333333333
0.0,0.5,0.0007865345288658171,0.0005036510153022633,0.6666666666666666
0.0,0.5,0.0009438414346389807,0.0006091086286146506,0.6666666666666666
0.0,0.5,0.0007865345288658171,0.0005036510153022633,0.6666666666666666
0.0,0.5,0.0007865345288658171,0.0005036510153022633,0.6666666666666666
5.445180731716998e-05,0.5,0.004247286455875413,0.002810990865188805,0.6666666666666666
2.287489950006534e-05,0.5,0.0029888312096901055,0.0029755411066503747,0.6666666666666666
0.0,0.5,0.0,7.2729388491301585e-06,0.5
0.0,0.5,0.0009438414346389807,0.0006091086286146506,0.6666666666666666
0.0,0.5,0.0009438414346389807,0.0006091086286146506,0.6666666666666666
1.9857958501260577e-05,0.5,0.002831524303916942,0.0028664470239134227,0.6666666666666666
0.0,0.5,0.0009438414346389807,0.0004809230813987315,0.6666666666666666
5.477818362535711e-05,0.5,0.003932672644329086,0.003375552743352533,0.8333333333333333
0.0,0.5,0.0007865345288658171,0.0005036510153022633,0.6666666666666666
2.01109001401056e-05,0.5,0.0029888312096901055,0.0029755411066503747,0.6666666666666666
2.074325423721816e-05,0.5,0.002831524303916942,0.0028664470239134227,0.6666666666666666
0.0,0.5,0.0007865345288658171,0.0004391036830162331,0.6666666666666666
0.0,0.5,0.0007865345288658171,0.0005063783673706871,0.6666666666666666
0.0,0.5,0.0007865345288658171,0.0005063783673706871,0.6666666666666666
2.2444490743643565e-05,0.5,0.002516910492370615,0.0021082431488916036,0.6666666666666666
1.9992588728387764e-05,0.5,0.0029888312096901055,0.003801019666026647,0.6666666666666666
2.065146090054053e-05,0.5,0.0029888312096901055,0.0029246305347064637,0.6666666666666666
6.323133000740373e-05,0.5,0.0,1.2727642985977774e-05,0.08333333333333333
2.41906039924447e-05,0.5,0.0029888312096901055,0.0029755411066503747,0.6666666666666666
2.0241450663380452e-05,0.5,0.0022022966808242883,0.001937329085937045,0.6666666666666666
6.323540971125607e-08,0.5,0.0007865345288658171,0.0002109152266247745,0.3333333333333333
1.7501929526534744e-05,0.5,0.0022022966808242883,0.001937329085937045,0.6666666666666666
4.343456706392824e-05,0.5,0.002516910492370615,0.0018509629371036243,0.6666666666666666
1.983552013007271e-05,0.5,0.0026742173981437784,0.00215551725141095,0.6666666666666666
0.0,0.5,0.0009438414346389807,0.00047637749461802514,0.6666666666666666
0.0,0.5,0.0007865345288658171,0.0004391036830162331,0.6666666666666666
0.0,0.5,0.0009438414346389807,0.00047637749461802514,0.6666666666666666
1.043996215813576e-05,0.5,0.0003146138115463268,9.091173561412694e-05,0.41666666666666663
1.6985846989213846e-05,0.5,0.0029888312096901055,0.0029246305347064637,0.6666666666666666
0.0,0.5,0.0009438414346389807,0.001535499214522604,0.6666666666666666
0.0,0.5,0.0007865345288658171,0.0004972871938092744,0.6666666666666666
1.9762085460730606e-05,0.5,0.002831524303916942,0.0028664470239134227,0.6666666666666666
2.355213033955363e-05,0.5,0.002516910492370615,0.0020264225868388895,0.8333333333333333
1.0635787943048037e-05,0.5,0.0015730690577316344,0.0015818641996858086,0.6666666666666666
0.0,0.5,0.0007865345288658171,0.0004391036830162331,0.6666666666666666
0.0,0.5,0.0009438414346389807,0.0004809230813987315,0.6666666666666666
0.0,0.5,0.0007865345288658171,0.0004972871938092744,0.6666666666666666
0.0,0.5,0.0007865345288658171,0.0005036510153022633,0.6666666666666666
0.0,0.5,0.0,1.0909408273695232e-05,0.3333333333333333
0.0,0.5,0.0009438414346389807,0.001535499214522604,0.6666666666666666
2.2670914307448384e-05,0.5,0.002831524303916942,0.0022791572118461625,0.6666666666666666
0.0,0.5,0.0009438414346389807,0.00047637749461802514,0.6666666666666666
0.0,0.5,0.0007865345288658171,0.0004391036830162331,0.6666666666666666
6.32333698593299e-05,0.5,0.0007865345288658171,0.0002109152266247745,0.3333333333333333
0.0,0.5,0.0009438414346389807,0.00047637749461802514,0.6666666666666666
1.7826265982795703e-05,0.5,0.0026742173981437784,0.002079151393495083,0.6666666666666666
0.0,0.5,0.0009438414346389807,0.0005518342351777506,0.6666666666666666
0.0,0.5,0.0009438414346389807,0.00047637749461802514,0.6666666666666666
0.0,0.5,0.0009438414346389807,0.001535499214522604,0.6666666666666666
0.0,0.5,0.0009438414346389807,0.0004809230813987315,0.6666666666666666
1.95213829334426e-05,0.5,0.002516910492370615,0.002031877290975737,0.6666666666666666
1.851369608191484e-05,0.5,0.002044989775051125,0.001890054983417699,0.6666666666666666
0.0,0.5,0.0009438414346389807,0.0004809230813987315,0.6666666666666666
1.8452500524129754e-05,0.5,0.002831524303916942,0.0028664470239134227,0.6666666666666666
0.0,0.5,0.0007865345288658171,0.0005291063012742189,0.6666666666666666
0.0,0.0,0.0,0.0,0.0
0.0,0.5,0.0007865345288658171,0.0005036510153022633,0.6666666666666666
0.0,0.5,0.0009438414346389807,0.0005518342351777506,0.6666666666666666
0.0,0.5,0.0009438414346389807,0.00047637749461802514,0.6666666666666666
0.0,0.5,0.0007865345288658171,0.0005291063012742189,0.6666666666666666
0.0,0.5,0.0009438414346389807,0.00047637749461802514,0.6666666666666666
0.0,0.5,0.0007865345288658171,0.0005291063012742189,0.6666666666666666
0.0,0.5,0.0009438414346389807,0.00047637749461802514,0.6666666666666666
2.1903929983208633e-05,0.5,0.0029888312096901055,0.0029755411066503747,0.6666666666666666
0.0,0.5,0.0007865345288658171,0.0004391036830162331,0.6666666666666666
3.744760166062061e-05,0.5,0.003932672644329086,0.003375552743352533,0.8333333333333333
0.0,0.5,0.0007865345288658171,0.0004972871938092744,0.6666666666666666
0.0,0.5,0.0009438414346389807,0.001535499214522604,0.6666666666666666
1.4274883779334515e-05,0.5,0.0,1.2727642985977774e-05,0.08333333333333333
2.1130826103190374e-05,0.5,0.002831524303916942,0.0028664470239134227,0.6666666666666666
0.0,0.5,0.0009438414346389807,0.0004809230813987315,0.6666666666666666
2.1316452628471803e-05,0.5,0.002831524303916942,0.0028664470239134227,0.6666666666666666
0.0,0.5,0.0009438414346389807,0.00047637749461802514,0.6666666666666666
0.0,0.5,0.0007865345288658171,0.0005036510153022633,0.6666666666666666
1.9851838945482068e-05,0.5,0.0029888312096901055,0.003801019666026647,0.6666666666666666
0.0,0.5,0.0007865345288658171,0.0005291063012742189,0.6666666666666666
1.9207245736812488e-05,0.5,0.002516910492370615,0.002031877290975737,0.6666666666666666
0.0,0.5,0.0007865345288658171,0.0004391036830162331,0.6666666666666666
0.0,1.0,0.0,0.00037182899866177913,0.0
0.0,0.5,0.0,7.2729388491301585e-06,0.5
1.6979727433435338e-05,0.5,0.002516910492370615,0.0020264225868388895,0.8333333333333333
1.806492865815754e-05,0.5,0.002516910492370615,0.002031877290975737,0.6666666666666666
0.0,0.5,0.0009438414346389807,0.00047637749461802514,0.6666666666666666
0.0,0.5,0.0017303759635047978,0.0012954922325013089,0.6666666666666666
0.0,0.5,0.0,1.2727642985977774e-05,0.08333333333333333
0.0,0.5,0.0007865345288658171,0.0004972871938092744,0.6666666666666666
1.8576931491626098e-05,0.5,0.002831524303916942,0.0028664470239134227,0.6666666666666666
2.024553036723279e-05,0.5,0.002516910492370615,0.002031877290975737,0.6666666666666666
0.0,0.5,0.0007865345288658171,0.0005291063012742189,0.6666666666666666
2.0088461768917735e-05,0.5,0.002831524303916942,0.0028664470239134227,0.6666666666666666
0.0,0.5,0.0009438414346389807,0.0006091086286146506,0.6666666666666666
0.0,0.5,0.0009438414346389807,0.0005518342351777506,0.6666666666666666
2.1130826103190374e-05,0.5,0.002831524303916942,0.0028664470239134227,0.6666666666666666
0.0,0.5,0.0009438414346389807,0.00047637749461802514,0.6666666666666666
1.9494864858402396e-05,0.5,0.002831524303916942,0.0028664470239134227,0.6666666666666666
